{"cameraMode":{"drawMode":0,"name":"Shaded","section":"Shading Mode"},"sceneLighting":false,"audioPlay":false,"sceneViewState":{"showFog":true,"showMaterialUpdate":false,"showSkybox":true,"showFlares":true,"showImageEffects":true,"showParticleSystems":true},"in2DMode":false,"pivot":{"x":-4.042563438415527,"y":-186.38377380371095,"z":-0.12716788053512574},"rotation":{"x":-0.4934385418891907,"y":0.5066730976104736,"z":-0.4969927668571472,"w":-0.5029458999633789},"size":198.1442413330078,"orthographic":false}