{"cameraMode":{"drawMode":0,"name":"Shaded","section":"Shading Mode"},"sceneLighting":false,"audioPlay":false,"sceneViewState":{"showFog":true,"showMaterialUpdate":false,"showSkybox":false,"showFlares":true,"showImageEffects":true,"showParticleSystems":true},"in2DMode":false,"pivot":{"x":-2.5838398933410646,"y":-1.0012065172195435,"z":0.2419194132089615},"rotation":{"x":-0.108320452272892,"y":0.7526742219924927,"z":-0.12779340147972108,"w":-0.6368461847305298},"size":3.3667988777160646,"orthographic":false}